{"inputUnits":[34],"outputUnits":9,"inputs":{"0":{"dtype":"number","min":333.8863669666335,"max":437.5636319705948},"1":{"dtype":"number","min":128.56366940509486,"max":376.2978134452137},"2":{"dtype":"number","min":323.7600749568717,"max":444.3934381240073},"3":{"dtype":"number","min":119.42631465451726,"max":364.29399571993935},"4":{"dtype":"number","min":324.8511956359626,"max":434.1987461431481},"5":{"dtype":"number","min":124.14837848351624,"max":366.28339893623087},"6":{"dtype":"number","min":350.8230047931003,"max":443.38421914364113},"7":{"dtype":"number","min":124.69247899630653,"max":365.42735118346457},"8":{"dtype":"number","min":322.53513558829343,"max":414.2882039110948},"9":{"dtype":"number","min":125.08103930996549,"max":372.8749316026265},"10":{"dtype":"number","min":393.0023738846241,"max":452.84751565539887},"11":{"dtype":"number","min":161.65122837408046,"max":392.5860664723912},"12":{"dtype":"number","min":321.4570605801237,"max":381.56178099635974},"13":{"dtype":"number","min":161.52534039567882,"max":415.6749473007736},"14":{"dtype":"number","min":358.7959363766681,"max":529.8499437621596},"15":{"dtype":"number","min":110.27872404699659,"max":468.6103627839441},"16":{"dtype":"number","min":238.39562931877165,"max":439.8214971045112},"17":{"dtype":"number","min":119.55674167736959,"max":486.45151041825},"18":{"dtype":"number","min":275.48504098380124,"max":596.5180066772936},"19":{"dtype":"number","min":55.31794737285213,"max":524.772091876672},"20":{"dtype":"number","min":185.02320760882782,"max":558.4424067100199},"21":{"dtype":"number","min":60.68270939333431,"max":532.6343848083734},"22":{"dtype":"number","min":360.1957573501053,"max":457.95127334297865},"23":{"dtype":"number","min":307.95867341037854,"max":480.818030806367},"24":{"dtype":"number","min":318.71660432926876,"max":407.9180290726836},"25":{"dtype":"number","min":312.9341407508702,"max":533.9241740304673},"26":{"dtype":"number","min":366.62376789731275,"max":528.3814010916981},"27":{"dtype":"number","min":382.6016526277891,"max":480.15076158575516},"28":{"dtype":"number","min":284.6873583960626,"max":388.3806829786486},"29":{"dtype":"number","min":412.52251116682123,"max":580.1853699442942},"30":{"dtype":"number","min":372.90076467313656,"max":512.2620445281151},"31":{"dtype":"number","min":395.7033862399684,"max":560.136562006019},"32":{"dtype":"number","min":295.7115110256329,"max":391.79942951128174},"33":{"dtype":"number","min":503.45055732281753,"max":681.2515347848142}},"outputs":{"0":{"dtype":"string","min":0,"max":1,"uniqueValues":["Hands & legs separated","Half squat - upper body flex","Stretch Hands straight up","Candle Pose","Huddle Pose","Left-leg & right-arm triangles","Halo around your head","Stretch back (right side)","Stretch back (left side)"],"legend":{"Hands & legs separated":[1,0,0,0,0,0,0,0,0],"Half squat - upper body flex":[0,1,0,0,0,0,0,0,0],"Stretch Hands straight up":[0,0,1,0,0,0,0,0,0],"Candle Pose":[0,0,0,1,0,0,0,0,0],"Huddle Pose":[0,0,0,0,1,0,0,0,0],"Left-leg & right-arm triangles":[0,0,0,0,0,1,0,0,0],"Halo around your head":[0,0,0,0,0,0,1,0,0],"Stretch back (right side)":[0,0,0,0,0,0,0,1,0],"Stretch back (left side)":[0,0,0,0,0,0,0,0,1]}}},"isNormalized":true}